Date,Timestamp,episodeObjectId,frame,simTime,runtimeUnitId,otherRuntimeUnitId,runtimePairMinId,runtimePairMaxId,resetEventType,isBidirectionalUserPair,interResetDistance,cumulativeDistance
20260507163720.940,4.9173,1,10,4.917300,2,-1,-1,-1,WALL_RESET,0,4.112500,4.112500
20260507163721.060,7.0041,0,13,7.004100,1,-1,-1,-1,WALL_RESET,0,6.989849,6.989849
20260507163721.176,9.0465,1,17,9.046500,2,4,2,4,USER_RESET,0,1.842714,5.955215
20260507163721.196,9.4350,2,18,9.434999,3,-1,-1,-1,WALL_RESET,0,8.351996,8.351996
20260507163721.261,10.8669,3,20,10.866900,4,-1,-1,-1,WALL_RESET,0,9.451805,9.451805
20260507163721.375,13.1646,1,24,13.164600,2,-1,-1,-1,WALL_RESET,0,1.788420,7.743634
20260507163721.762,19.5360,0,36,19.536000,1,-1,-1,-1,WALL_RESET,0,8.772661,15.762510
20260507163721.939,22.2111,3,41,22.211100,4,1,1,4,USER_RESET,1,8.412939,17.864740
20260507163721.939,22.2111,0,41,22.211100,1,4,1,4,USER_RESET,1,0.499036,16.261550
20260507163721.945,22.3110,2,41,22.311000,3,-1,-1,-1,WALL_RESET,0,9.829247,18.181240
20260507163722.104,25.3746,0,46,25.374600,1,-1,-1,-1,WALL_RESET,0,1.120319,17.381860
20260507163722.158,26.1294,1,48,26.129400,2,-1,-1,-1,WALL_RESET,0,10.270150,18.013780
20260507163722.356,29.8368,2,54,29.836800,3,-1,-1,-1,WALL_RESET,0,4.469498,22.650740
20260507163722.761,36.1416,1,66,36.141600,2,4,2,4,PROACTIVE_USER_RESET,1,6.532522,24.546300
20260507163722.765,36.2082,0,66,36.208200,1,-1,-1,-1,WALL_RESET,0,8.132891,25.514760
20260507163723.182,43.1679,2,78,43.167900,3,-1,-1,-1,WALL_RESET,0,9.845829,32.496570
20260507163723.223,43.8117,3,80,43.811700,4,-1,-1,-1,WALL_RESET,0,17.094550,34.959290
20260507163723.353,46.3980,0,84,46.398000,1,-1,-1,-1,WALL_RESET,0,7.406818,32.921570
20260507163723.483,48.5625,1,88,48.562500,2,-1,-1,-1,WALL_RESET,0,8.862095,33.408400
20260507163723.736,51.9480,2,94,51.948000,3,1,1,3,PROACTIVE_USER_RESET,1,5.980629,38.477200
20260507163723.804,52.9470,0,96,52.947000,1,3,1,3,USER_RESET,0,3.496101,36.417680
20260507163724.060,57.5424,3,104,57.542400,4,-1,-1,-1,WALL_RESET,0,9.930641,44.889930
20260507163724.148,59.1297,0,107,59.129700,1,-1,-1,-1,WALL_RESET,0,3.792927,40.210600
20260507163724.243,60.9834,1,111,60.983400,2,-1,-1,-1,WALL_RESET,0,10.170100,43.578500
20260507163724.280,61.8048,2,112,61.804800,3,-1,-1,-1,WALL_RESET,0,6.707100,45.184300
20260507163724.639,67.3659,3,122,67.365900,4,-1,-1,-1,WALL_RESET,0,6.600040,51.489970
20260507163724.764,69.2751,0,126,69.275100,1,-1,-1,-1,WALL_RESET,0,6.605011,46.815610
20260507163725.063,73.7262,2,134,73.726200,3,-1,-1,-1,WALL_RESET,0,9.228607,54.412910
20260507163725.337,78.3327,1,142,78.332700,2,-1,-1,-1,WALL_RESET,0,12.778190,56.356680
20260507163725.545,81.5961,3,148,81.596100,4,-1,-1,-1,WALL_RESET,0,10.727100,62.217080
20260507163725.643,83.1501,0,151,83.150100,1,-1,-1,-1,WALL_RESET,0,10.912760,57.728370
20260507163725.934,87.8232,2,159,87.823200,3,-1,-1,-1,WALL_RESET,0,10.824240,65.237140
20260507163726.134,90.7203,1,164,90.720300,2,-1,-1,-1,WALL_RESET,0,8.908562,65.265240
20260507163726.171,91.1976,3,165,91.197600,4,1,1,4,PROACTIVE_USER_RESET,1,7.059071,69.276150
20260507163726.414,95.6931,0,173,95.693100,1,-1,-1,-1,WALL_RESET,0,9.068588,66.796960
20260507163726.629,99.3339,2,180,99.333900,3,-1,-1,-1,WALL_RESET,0,8.853447,74.090590
20260507163726.774,101.8869,3,184,101.886900,4,-1,-1,-1,WALL_RESET,0,7.893425,77.169570
20260507163726.899,104.1291,1,188,104.129100,2,-1,-1,-1,WALL_RESET,0,10.367570,75.632810
20260507163727.137,108.0918,3,195,108.091800,4,2,2,4,USER_RESET,0,2.882385,80.051960
20260507163727.137,108.1029,1,195,108.102900,2,4,2,4,USER_RESET,0,1.430573,77.063390
20260507163727.199,109.4238,2,198,109.423800,3,-1,-1,-1,WALL_RESET,0,7.289116,81.379710
20260507163727.399,112.9203,0,204,112.920300,1,-1,-1,-1,WALL_RESET,0,13.541070,80.338030
20260507163727.461,113.8416,3,206,113.841600,4,-1,-1,-1,WALL_RESET,0,3.676292,83.728250
20260507163727.699,118.0707,1,213,118.070700,2,-1,-1,-1,WALL_RESET,0,7.208229,84.271610
20260507163727.790,119.7468,2,216,119.746800,3,-1,-1,-1,WALL_RESET,0,7.484802,88.864510
20260507163728.074,124.0869,3,224,124.086900,4,-1,-1,-1,WALL_RESET,0,6.953239,90.681490
20260507163728.231,126.6621,1,229,126.662100,2,-1,-1,-1,WALL_RESET,0,5.873718,90.145330
20260507163728.386,129.4482,0,234,129.448200,1,-1,-1,-1,WALL_RESET,0,12.303630,92.641660
20260507163728.630,133.3998,3,241,133.399800,4,-1,-1,-1,WALL_RESET,0,6.051399,96.732890
20260507163728.642,133.6440,2,241,133.644000,3,-1,-1,-1,WALL_RESET,0,10.280960,99.145470
20260507163728.756,136.1082,1,246,136.108200,2,-1,-1,-1,WALL_RESET,0,6.244354,96.389690
20260507163729.003,139.6380,2,252,139.638000,3,1,1,3,USER_RESET,0,3.161469,102.306900
20260507163729.034,140.1708,0,253,140.170800,1,-1,-1,-1,WALL_RESET,0,7.772690,100.414400
20260507163729.152,142.6905,3,258,142.690500,4,-1,-1,-1,WALL_RESET,0,5.752998,102.485900
20260507163729.405,146.5200,2,265,146.520000,3,-1,-1,-1,WALL_RESET,0,3.953453,106.260400
20260507163729.448,147.2748,1,266,147.274800,2,-1,-1,-1,WALL_RESET,0,8.123314,104.513000
20260507163729.717,151.6926,3,274,151.692600,4,-1,-1,-1,WALL_RESET,0,5.908340,108.394200
20260507163729.881,154.6008,0,279,154.600800,1,-1,-1,-1,WALL_RESET,0,11.259550,111.673900
20260507163729.945,155.4888,1,281,155.488800,2,4,2,4,USER_RESET,1,6.165428,110.678400
20260507163729.945,155.4888,3,281,155.488800,4,2,2,4,USER_RESET,1,1.376724,109.771000
20260507163730.204,159.9399,3,289,159.939900,4,-1,-1,-1,WALL_RESET,0,1.878349,111.649300
20260507163730.409,163.2255,1,295,163.225500,2,-1,-1,-1,WALL_RESET,0,5.995186,116.673600
20260507163730.837,169.5636,2,306,169.563600,3,-1,-1,-1,WALL_RESET,0,18.462100,124.722500
20260507163730.899,170.7624,0,308,170.762400,1,-1,-1,-1,WALL_RESET,0,12.552630,124.226500
20260507163731.151,174.8139,1,316,174.813900,2,-1,-1,-1,WALL_RESET,0,7.202522,123.876100
20260507163731.169,175.0914,3,316,175.091400,4,-1,-1,-1,WALL_RESET,0,10.634310,122.283600
20260507163731.644,181.7292,2,328,181.729200,3,-1,-1,-1,WALL_RESET,0,8.497437,133.219900
20260507163731.908,186.0804,1,336,186.080400,2,-1,-1,-1,WALL_RESET,0,8.356316,132.232500
20260507163731.912,186.1581,0,336,186.158100,1,-1,-1,-1,WALL_RESET,0,11.971180,136.197700
20260507163732.000,188.0673,3,340,188.067300,4,-1,-1,-1,WALL_RESET,0,10.098260,132.381900
20260507163732.161,190.4316,1,344,190.431600,2,3,2,3,USER_RESET,0,2.287643,134.520100
20260507163732.664,198.1572,0,358,198.157200,1,-1,-1,-1,WALL_RESET,0,9.630890,145.828600
20260507163732.733,199.4670,2,360,199.467000,3,-1,-1,-1,WALL_RESET,0,13.656430,146.876400
20260507163732.805,200.9100,1,363,200.910000,2,-1,-1,-1,WALL_RESET,0,6.209473,140.729600
20260507163732.911,203.0523,3,367,203.052300,4,-1,-1,-1,WALL_RESET,0,11.982560,144.364400
20260507163733.530,212.0322,1,383,212.032200,2,-1,-1,-1,WALL_RESET,0,7.550140,148.279700
20260507163733.576,212.9091,0,384,212.909100,1,-1,-1,-1,WALL_RESET,0,11.209590,157.038200
20260507163733.594,213.2421,2,385,213.242100,3,-1,-1,-1,WALL_RESET,0,9.842804,156.719200
20260507163733.993,220.4571,3,398,220.457100,4,-1,-1,-1,WALL_RESET,0,13.052990,157.417400
20260507163734.167,223.4430,1,403,223.443000,2,4,2,4,PROACTIVE_USER_RESET,1,8.194901,156.474600
20260507163734.213,224.1312,3,405,224.131200,4,2,2,4,USER_RESET,1,0.876190,158.293600
20260507163734.279,225.6630,0,407,225.663000,1,-1,-1,-1,WALL_RESET,0,9.235840,166.274000
20260507163734.357,227.2614,2,410,227.261400,3,-1,-1,-1,WALL_RESET,0,11.062990,167.782200
20260507163734.373,227.5944,3,411,227.594400,4,-1,-1,-1,WALL_RESET,0,1.010254,159.303900
20260507163734.875,236.2413,1,426,236.241300,2,-1,-1,-1,WALL_RESET,0,9.284256,165.758900
20260507163735.044,239.2827,3,432,239.282700,4,-1,-1,-1,WALL_RESET,0,8.440948,167.744800
20260507163735.064,239.6601,0,433,239.660100,1,-1,-1,-1,WALL_RESET,0,10.725750,176.999800
20260507163735.076,239.9598,2,433,239.959800,3,2,2,3,USER_RESET,1,8.778839,176.561000
20260507163735.076,239.9598,1,433,239.959800,2,3,2,3,USER_RESET,1,0.943832,166.702700
20260507163735.702,250.5825,0,452,250.582500,1,-1,-1,-1,WALL_RESET,0,7.584198,184.584000
20260507163735.766,251.7480,3,454,251.748000,4,-1,-1,-1,WALL_RESET,0,9.516190,177.261000
20260507163735.886,254.0013,1,458,254.001300,2,-1,-1,-1,WALL_RESET,0,10.540390,177.243100
20260507163736.170,258.7410,2,467,258.741000,3,-1,-1,-1,WALL_RESET,0,16.610630,193.171600
20260507163736.453,263.2587,0,475,263.258700,1,-1,-1,-1,WALL_RESET,0,9.617340,194.201300
20260507163736.568,265.3233,3,479,265.323300,4,-1,-1,-1,WALL_RESET,0,10.285890,187.546900
20260507163736.678,267.0549,1,482,267.054900,2,-1,-1,-1,WALL_RESET,0,10.287750,187.530800
20260507163737.006,272.1831,2,491,272.183100,3,-1,-1,-1,WALL_RESET,0,10.638080,203.809700
20260507163737.139,274.5474,0,495,274.547400,1,3,1,3,USER_RESET,1,8.535004,202.736300
20260507163737.151,274.8027,2,496,274.802700,3,1,1,3,USER_RESET,0,0.011078,203.820800
20260507163737.249,276.9228,2,500,276.922800,3,-1,-1,-1,WALL_RESET,0,0.099945,203.920700
20260507163737.364,278.6877,1,503,278.687700,2,1,1,2,PROACTIVE_USER_RESET,1,8.645996,196.176800
20260507163737.393,279.3315,3,504,279.331500,4,-1,-1,-1,WALL_RESET,0,10.524770,198.071700
20260507163737.446,280.6524,2,506,280.652400,3,4,3,4,USER_RESET,1,0.720947,204.641700
20260507163737.640,284.2710,2,513,284.271000,3,-1,-1,-1,WALL_RESET,0,0.754868,205.396500
20260507163737.754,286.2246,5,516,286.224600,6,-1,-1,-1,WALL_RESET,0,1.043862,1.043862
20260507163737.783,286.6575,7,517,286.657500,8,-1,-1,-1,WALL_RESET,0,1.353027,1.353027
20260507163737.849,288.0450,6,520,288.045000,7,-1,-1,-1,WALL_RESET,0,2.738963,2.738963
20260507163737.877,288.7998,4,521,288.799800,5,-1,-1,-1,WALL_RESET,0,3.614497,3.614497
20260507163738.454,296.8140,4,535,296.814000,5,8,5,8,USER_RESET,0,4.939725,8.554222
20260507163738.577,299.0562,5,540,299.056200,6,-1,-1,-1,WALL_RESET,0,9.666334,10.710200
20260507163738.624,300.0219,6,541,300.021900,7,-1,-1,-1,WALL_RESET,0,9.621933,12.360900
20260507163738.700,301.5537,7,544,301.553700,8,-1,-1,-1,WALL_RESET,0,11.884730,13.237760
20260507163738.872,304.4841,4,549,304.484100,5,-1,-1,-1,WALL_RESET,0,4.411908,12.966130
20260507163739.259,309.6012,7,559,309.601200,8,5,5,8,PROACTIVE_USER_RESET,1,4.858584,18.096350
20260507163739.323,310.7445,4,561,310.744500,5,8,5,8,USER_RESET,0,4.004050,16.970180
20260507163739.328,310.8777,5,561,310.877700,6,8,6,8,USER_RESET,0,7.799159,18.509360
20260507163739.389,312.5649,7,564,312.564900,8,6,6,8,USER_RESET,1,0.011099,18.107440
20260507163739.412,313.0755,6,565,313.075500,7,-1,-1,-1,WALL_RESET,0,9.661139,22.022040
20260507163739.575,316.0503,7,570,316.050300,8,-1,-1,-1,WALL_RESET,0,1.919073,20.026520
20260507163739.596,316.4277,4,571,316.427700,5,-1,-1,-1,WALL_RESET,0,4.034069,21.004250
20260507163739.985,323.1654,5,583,323.165400,6,-1,-1,-1,WALL_RESET,0,9.094807,27.604160
20260507163740.104,325.3632,6,587,325.363200,7,-1,-1,-1,WALL_RESET,0,9.788300,31.810340
20260507163740.266,327.8274,5,591,327.827400,6,5,5,6,PROACTIVE_USER_RESET,1,2.161825,29.765990
20260507163740.319,328.7598,4,593,328.759800,5,6,5,6,USER_RESET,1,8.599634,29.603880
20260507163740.392,330.4248,7,596,330.424800,8,-1,-1,-1,WALL_RESET,0,10.554430,30.580950
20260507163740.540,333.3663,5,601,333.366300,6,-1,-1,-1,WALL_RESET,0,1.873287,31.639270
20260507163740.887,338.4723,6,611,338.472300,7,-1,-1,-1,WALL_RESET,0,9.777510,41.587840
20260507163741.056,341.5026,7,616,341.502600,8,-1,-1,-1,WALL_RESET,0,7.620840,38.201790
20260507163741.081,341.9688,4,617,341.968800,5,-1,-1,-1,WALL_RESET,0,10.429620,40.033510
20260507163741.191,343.9890,5,620,343.989000,6,7,6,7,PROACTIVE_USER_RESET,1,7.566132,39.205410
20260507163741.643,350.6157,7,632,350.615700,8,-1,-1,-1,WALL_RESET,0,5.821178,44.022960
20260507163741.761,352.7358,6,636,352.735800,7,-1,-1,-1,WALL_RESET,0,10.179100,51.766950
20260507163741.834,353.7126,5,638,353.712600,6,-1,-1,-1,WALL_RESET,0,6.452389,45.657790
20260507163741.899,355.1112,4,641,355.111200,5,-1,-1,-1,WALL_RESET,0,10.361200,50.394710
20260507163742.273,361.4715,7,652,361.471500,8,-1,-1,-1,WALL_RESET,0,7.965996,51.988960
20260507163742.492,365.0790,5,658,365.079000,6,-1,-1,-1,WALL_RESET,0,7.950630,53.608430
20260507163742.531,365.6562,6,660,365.656200,7,-1,-1,-1,WALL_RESET,0,9.415310,61.182260
20260507163742.621,367.7652,4,663,367.765200,5,-1,-1,-1,WALL_RESET,0,9.751419,60.146130
20260507163743.052,374.7471,5,676,374.747100,6,-1,-1,-1,WALL_RESET,0,6.397026,60.005450
20260507163743.147,376.5009,4,679,376.500900,5,-1,-1,-1,WALL_RESET,0,5.847546,65.993680
20260507163743.149,376.5342,7,679,376.534200,8,-1,-1,-1,WALL_RESET,0,11.375050,63.364010
20260507163743.204,377.7441,6,681,377.744100,7,6,6,7,PROACTIVE_USER_RESET,1,9.049538,70.231800
20260507163743.237,378.6765,5,683,378.676500,6,7,6,7,USER_RESET,1,1.374565,61.380020
20260507163743.484,383.3052,7,691,383.305200,8,-1,-1,-1,WALL_RESET,0,3.811356,67.175360
20260507163743.494,383.4939,5,692,383.493900,6,-1,-1,-1,WALL_RESET,0,1.387138,62.767150
20260507163743.600,385.8804,4,696,385.880400,5,-1,-1,-1,WALL_RESET,0,6.404015,72.397690
20260507163743.939,391.0530,6,705,391.053000,7,-1,-1,-1,WALL_RESET,0,9.361938,79.593730
20260507163744.075,393.5061,5,710,393.506100,6,-1,-1,-1,WALL_RESET,0,6.802586,69.569740
20260507163744.346,397.3689,7,717,397.368900,8,-1,-1,-1,WALL_RESET,0,10.891650,78.067020
20260507163744.410,398.4567,5,719,398.456700,6,5,5,6,USER_RESET,1,2.408188,71.977930
20260507163744.410,398.4567,4,719,398.456700,5,6,5,6,USER_RESET,1,9.021980,81.419670
20260507163744.446,399.5334,6,721,399.533400,7,-1,-1,-1,WALL_RESET,0,5.239838,84.833570
20260507163744.537,401.6757,5,724,401.675700,6,-1,-1,-1,WALL_RESET,0,1.334267,73.312190
20260507163745.043,408.6132,4,737,408.613200,5,-1,-1,-1,WALL_RESET,0,7.085251,88.504920
20260507163745.188,411.2772,7,742,411.277200,8,-1,-1,-1,WALL_RESET,0,9.703835,87.770850
20260507163745.228,412.0431,6,743,412.043100,7,-1,-1,-1,WALL_RESET,0,9.251785,94.085360
20260507163745.299,413.4750,5,746,413.475000,6,-1,-1,-1,WALL_RESET,0,9.594017,82.906210
20260507163745.797,420.0684,7,758,420.068400,8,6,6,8,PROACTIVE_USER_RESET,1,5.505028,93.275880
20260507163745.913,422.1774,6,761,422.177400,7,-1,-1,-1,WALL_RESET,0,7.368736,101.454100
20260507163746.028,424.3752,4,765,424.375200,5,-1,-1,-1,WALL_RESET,0,12.553310,101.058200
20260507163746.090,425.5074,5,767,425.507400,6,-1,-1,-1,WALL_RESET,0,8.431557,91.337770
20260507163746.311,429.0927,7,774,429.092700,8,-1,-1,-1,WALL_RESET,0,6.297577,99.573460
20260507163746.617,433.4217,6,782,433.421700,7,8,7,8,PROACTIVE_USER_RESET,1,7.982910,109.437000
20260507163746.735,435.5862,4,786,435.586200,5,-1,-1,-1,WALL_RESET,0,8.903198,109.961400
20260507163746.754,436.0968,5,786,436.096800,6,-1,-1,-1,WALL_RESET,0,8.263245,99.601010
20260507163747.143,442.2351,7,798,442.235100,8,-1,-1,-1,WALL_RESET,0,9.980446,109.553900
20260507163747.206,443.4339,6,800,443.433900,7,-1,-1,-1,WALL_RESET,0,7.202637,116.639600
20260507163747.328,445.9203,5,804,445.920300,6,-1,-1,-1,WALL_RESET,0,6.689697,106.290700
20260507163747.837,453.2241,4,817,453.224100,5,-1,-1,-1,WALL_RESET,0,13.045510,123.006900
20260507163747.938,454.9890,7,820,454.989000,8,-1,-1,-1,WALL_RESET,0,9.603424,119.157300
20260507163748.231,459.4734,6,829,459.473400,7,-1,-1,-1,WALL_RESET,0,11.569690,128.209300
20260507163748.242,459.6954,5,829,459.695400,6,-1,-1,-1,WALL_RESET,0,9.988007,116.278700
20260507163748.563,464.8458,6,838,464.845800,7,6,6,7,USER_RESET,0,2.032211,130.241500
20260507163748.624,465.9558,4,840,465.955800,5,-1,-1,-1,WALL_RESET,0,9.992355,132.999300
20260507163748.831,469.5522,6,847,469.552200,7,-1,-1,-1,WALL_RESET,0,2.220230,132.461800
20260507163748.834,469.5966,7,847,469.596600,8,-1,-1,-1,WALL_RESET,0,11.341380,130.498700
20260507163748.910,470.9508,4,849,470.950800,5,6,5,6,USER_RESET,1,2.805832,135.805100
20260507163748.910,470.9508,5,849,470.950800,6,5,5,6,USER_RESET,1,8.133194,124.411900
20260507163749.119,474.4584,5,856,474.458400,6,8,6,8,PROACTIVE_USER_RESET,1,1.630974,126.042900
20260507163749.185,475.4685,7,857,475.468500,8,6,6,8,USER_RESET,0,3.316666,133.815400
20260507163749.220,476.2233,4,859,476.223300,5,-1,-1,-1,WALL_RESET,0,2.840988,138.646100
20260507163749.471,480.7965,7,867,480.796500,8,-1,-1,-1,WALL_RESET,0,3.126770,136.942100
20260507163749.539,481.9842,6,869,481.984200,7,-1,-1,-1,WALL_RESET,0,8.476669,140.938400
20260507163749.566,482.5947,5,870,482.594700,6,-1,-1,-1,WALL_RESET,0,4.731483,130.774400
20260507163749.931,488.5665,4,881,488.566500,5,-1,-1,-1,WALL_RESET,0,9.285751,147.931900
20260507163750.293,494.1276,7,891,494.127600,8,-1,-1,-1,WALL_RESET,0,9.905228,146.847400
20260507163750.410,496.2699,5,895,496.269900,6,-1,-1,-1,WALL_RESET,0,9.739227,140.513600
20260507163750.504,497.8683,6,898,497.868300,7,-1,-1,-1,WALL_RESET,0,12.220170,153.158600
20260507163750.747,501.6201,4,905,501.620100,5,-1,-1,-1,WALL_RESET,0,9.665588,157.597500
20260507163751.118,507.3699,7,915,507.369900,8,-1,-1,-1,WALL_RESET,0,10.116990,156.964400
20260507163751.317,510.8553,5,921,510.855300,6,-1,-1,-1,WALL_RESET,0,11.232060,151.745700
20260507163751.344,511.3326,6,922,511.332600,7,-1,-1,-1,WALL_RESET,0,9.756516,162.915100
20260507163751.470,513.9189,4,927,513.918900,5,-1,-1,-1,WALL_RESET,0,9.621796,167.219300
20260507163751.747,518.4699,7,935,518.469900,8,-1,-1,-1,WALL_RESET,0,8.335220,165.299600
20260507163752.076,523.8423,5,945,523.842300,6,-1,-1,-1,WALL_RESET,0,9.767502,161.513200
20260507163752.180,525.8181,6,948,525.818100,7,-1,-1,-1,WALL_RESET,0,11.456420,174.371600
20260507163752.319,528.3822,4,953,528.382200,5,-1,-1,-1,WALL_RESET,0,10.583220,177.802500
20260507163752.592,532.6890,6,960,532.689000,7,6,6,7,USER_RESET,0,4.576782,178.948300
20260507163752.595,532.7001,5,961,532.700100,6,7,6,7,USER_RESET,0,5.672195,167.185300
20260507163752.608,533.0109,7,961,533.010900,8,-1,-1,-1,WALL_RESET,0,11.220760,176.520300
20260507163752.925,538.7829,4,971,538.782900,5,-1,-1,-1,WALL_RESET,0,7.606171,185.408600
20260507163752.992,539.9817,6,974,539.981700,7,-1,-1,-1,WALL_RESET,0,4.258438,183.206800
20260507163753.086,541.8687,5,977,541.868700,6,-1,-1,-1,WALL_RESET,0,6.361481,173.546800
20260507163753.705,550.8819,7,993,550.881900,8,-1,-1,-1,WALL_RESET,0,13.452010,189.972400
20260507163753.824,553.1019,5,997,553.101900,6,8,6,8,PROACTIVE_USER_RESET,1,8.073547,181.620400
20260507163753.827,553.1463,4,997,553.146300,5,-1,-1,-1,WALL_RESET,0,11.370090,196.778700
20260507163753.890,554.5116,6,1000,554.511600,7,-1,-1,-1,WALL_RESET,0,11.257320,194.464100
20260507163754.402,561.5601,5,1013,561.560100,6,5,5,6,USER_RESET,1,5.393997,187.014400
20260507163754.402,561.5601,4,1013,561.560100,5,6,5,6,USER_RESET,1,5.480133,202.258900
20260507163754.463,562.9587,6,1015,562.958700,7,-1,-1,-1,WALL_RESET,0,4.982590,199.446700
20260507163754.498,563.9022,7,1017,563.902200,8,-1,-1,-1,WALL_RESET,0,9.822540,199.794900
20260507163754.823,569.1747,4,1026,569.174700,5,-1,-1,-1,WALL_RESET,0,5.480286,207.739200
20260507163754.999,572.3382,5,1032,572.338200,6,-1,-1,-1,WALL_RESET,0,6.930023,193.944400
20260507163755.110,574.3140,7,1035,574.314000,8,6,6,8,USER_RESET,0,7.825851,207.620700
20260507163755.120,574.4916,5,1036,574.491600,6,8,6,8,USER_RESET,0,0.011093,193.955500
20260507163755.201,576.2565,5,1039,576.256500,6,-1,-1,-1,WALL_RESET,0,0.111054,194.066500
20260507163755.253,577.2444,6,1041,577.244400,7,-1,-1,-1,WALL_RESET,0,10.968570,210.415300
20260507163755.657,583.4382,4,1052,583.438200,5,-1,-1,-1,WALL_RESET,0,10.357250,218.096400
